Country,Data source,Sector,Gas,Unit,2017,2016,2015,2014,2013,2012,2011,2010,2009,2008,2007,2006,2005,2004,2003,2002,2001,2000,1999,1998,1997,1996,1995,1994,1993,1992,1991,1990
World,CAIT,Total including LUCF,All GHG,MtCO₂e,49947.42,49312.19,49828.88,49494.56,49037.46,48477.53,47915.71,46637.83,44907.04,44953.73,44590.03,43739.49,43360.31,42477.66,40703.74,39855.92,38396.69,37438.04,36817.13,36981.63,37338.36,36022.1,36004.23,35283.88,35080.3,34982.15,35125.92,34964.58
China,CAIT,Total including LUCF,All GHG,MtCO₂e,11780.99,11577.98,11578.25,11583.36,11568.63,11110.34,10784.95,9828.01,8992.51,8398.83,8104.47,7485.37,6857.63,6132.29,5385.86,4763.01,4452.24,4276.11,4079.23,4128.98,3989.5,3980.46,3946.17,3556.72,3405.76,3182.64,3051.31,2901.74
United States,CAIT,Total including LUCF,All GHG,MtCO₂e,5766.92,5833.01,5973.16,6097.71,6056.33,5936.1,6235.82,6111.83,5865.85,6267.37,6601.15,6388.91,6477.62,6500.25,6353.21,6321.63,6439.58,6495.09,6365.58,6345.71,6302.62,6069.33,5970.68,5906.34,5819.3,5709.22,5627.93,5669.57
India,CAIT,Total including LUCF,All GHG,MtCO₂e,3356.7,3230.06,3188.03,3175.79,3003.54,2947.94,2798.04,2449.3,2339.28,2185.08,2087.76,1941.43,1806.21,1735.12,1645.7,1596.86,1575.11,1669.14,1631.2,1553.2,1519.01,1460.58,1415.03,1349.41,1303.07,1271.34,1239.12,1184.08
European Union (27),CAIT,Total including LUCF,All GHG,MtCO₂e,3201.6,3187.72,3186.58,3130.79,3276.49,3356.37,3416.72,3610.79,3530.65,3805.39,3898.35,3933.59,3954.52,3985.09,3992.59,3902.28,3921.3,3907.36,3908.62,3983.02,4022.88,4100.84,3993.83,3943.47,3960.07,4033.19,4176.6,4253.66
Russia,CAIT,Total including LUCF,All GHG,MtCO₂e,2460.27,2434.46,2356.08,2479.35,2468.51,2598.33,2478.24,2401.69,2281.05,2616.58,2352.03,2379.41,2492.3,2443.69,2552.06,2381.2,2329.95,2418.98,2352.93,2370.68,2317.88,2508.31,2602.13,2682.65,2965.8,3223.12,3463.05,3559.43
Indonesia,CAIT,Total including LUCF,All GHG,MtCO₂e,2275.4,2228.89,2776.53,2729.18,2294.34,2357.19,2335.3,2079.39,2478.22,2043.38,2055.89,2680.4,1911.65,2205,1822.33,2198.69,1663.53,1406.12,1477.87,1594.09,2386.18,1399.99,1610.76,1579.97,1563.34,1547.09,1526.51,1509.17
Brazil,CAIT,Total including LUCF,All GHG,MtCO₂e,1392.8,1381.11,1411.95,1416,1372.14,1354.86,1308.92,1541.66,1434.3,1455.75,1467.19,1422,2016.51,2006.25,1959.63,1945.72,1900.3,1647.41,1650.9,1641.73,1606.8,1576.14,1580.16,1560.11,1543.78,1533.58,1523.64,1496.37
Japan,CAIT,Total including LUCF,All GHG,MtCO₂e,1239.78,1262.19,1269.61,1305.64,1343.27,1331.69,1289.53,1083.09,1026.58,1086.29,1153.2,1117.3,1242.64,1241.6,1249.79,1241.98,1210.3,1198.01,1181.75,1156.11,1203.24,1215.37,1201.26,1186.24,1129.03,1136.55,1123.25,1108.77
Iran,CAIT,Total including LUCF,All GHG,MtCO₂e,881.81,862.87,853.59,861.3,849.06,828.15,817.82,740.77,734.51,710.27,696.76,658.34,609.86,571.05,534.11,504.85,480.09,466.6,447.77,409.92,401.82,384.38,370.16,352.95,320.42,322.12,301.15,260.82
Canada,CAIT,Total including LUCF,All GHG,MtCO₂e,792.95,779.08,868.84,827.61,861.92,794.68,758.1,881.05,798.91,875.83,892.54,880.97,970.63,961.03,1001.53,981.61,890.59,718.46,733.18,798.91,689.92,693.09,698.44,683.03,662.45,664.43,648.5,652.57
Germany,CAIT,Total including LUCF,All GHG,MtCO₂e,792.63,810.14,807.42,803.64,843.91,826.67,812.55,864.77,834.11,891.36,888.6,917.67,906.79,931.19,951.07,952.16,970.61,922.89,932.23,966.83,992.94,1030.92,1002.76,1009.38,1022.27,1029.97,1077.65,1107.24
Mexico,CAIT,Total including LUCF,All GHG,MtCO₂e,684.55,694.52,680.48,653.91,665.44,669.68,679.56,663.2,660.37,676.44,645.69,624.5,609.17,581.94,582.23,555.02,548.7,554.38,527.94,549.35,513.51,485.49,461.21,480.22,454.62,434.94,432.07,414.07
South Korea,CAIT,Total including LUCF,All GHG,MtCO₂e,670.81,657.41,646.29,624.8,635.5,636.13,631.29,598.01,545.24,531.57,517.5,508.68,505.55,510.13,486.03,478.12,485.28,477.35,419.79,381.93,446.74,420.9,392.98,360.61,333,302.14,277.58,252.24
Saudi Arabia,CAIT,Total including LUCF,All GHG,MtCO₂e,656.31,664.23,660.42,629.39,585.81,568.1,534.21,514.56,470.77,450.11,412.57,389.49,366.47,349.92,331.53,318.23,297.9,291.54,278.67,271.9,253.57,269.71,255.07,250.09,235.98,227.52,212.83,190.63
Australia,CAIT,Total including LUCF,All GHG,MtCO₂e,553.12,507.17,529.38,530.85,522.09,613.12,612.47,573.4,612.67,591.83,622.43,630.93,616.08,659.13,615.56,688.45,700.97,608.2,589.37,554.21,528.17,517.13,524.13,516.04,512.97,513.28,511.12,511.19
South Africa,CAIT,Total including LUCF,All GHG,MtCO₂e,515.8,503.05,505.05,529.26,515.9,506.78,487.84,504.03,481.38,501.12,469.18,448.9,447.96,446.3,418.84,397.74,381.36,345.97,342.78,364.1,356.22,342.81,334.13,323.61,317.66,309.22,312.26,316.32
Zambia,CAIT,Total including LUCF,All GHG,MtCO₂e,495.99,495.17,473.3,440.83,468.32,455.21,432.46,460.49,412.65,471.05,452.65,482.28,565.61,488.42,474.67,453.14,402.1,412.78,371.45,411.87,405.54,444.46,478.95,481.44,483,484.28,484.96,485.43
Nigeria,CAIT,Total including LUCF,All GHG,MtCO₂e,483.18,475.77,461.72,465.58,456.16,441.76,437.19,406.25,383.38,403.3,399.67,401.65,382.11,364.4,361.83,354.15,350.31,384.78,387.45,396.38,404.53,413.85,401.92,407.33,408.67,408.78,396.61,386.42
Argentina,CAIT,Total including LUCF,All GHG,MtCO₂e,469.62,469.73,460.21,456.74,462.89,464.88,450.1,440.34,452.69,468.33,458.1,454.28,420.84,427.68,401.76,378.78,375.63,354.96,357.06,351.87,346.24,344.46,341.39,340.81,335.73,333.22,328.83,323.84
United Kingdom,CAIT,Total including LUCF,All GHG,MtCO₂e,449.08,462.81,485.07,500.95,541.18,559.8,538.09,581.81,568.83,624.23,645.66,661.66,664.45,670.79,677.13,668.24,687.32,679.49,679.28,706.01,710.09,732.9,711.79,721.61,731.64,748.79,771.74,758.02
Pakistan,CAIT,Total including LUCF,All GHG,MtCO₂e,443.27,417.96,394.39,379.65,366.02,355.6,351.78,336.47,342.23,331.84,328.89,312.11,291.27,282.97,266.02,258.2,251.77,249.64,247.53,234.96,231.15,224.23,217.2,206.73,200.06,190.25,181.05,180.09
Turkey,CAIT,Total including LUCF,All GHG,MtCO₂e,437.9,396.03,369.08,362.28,337.43,346.2,332.17,319.55,309.77,306.25,307.69,277.77,273.38,260.87,254.55,242.67,232.37,262.95,238.96,239.06,237.86,228.73,211.02,196.44,201.26,194.75,187.26,184.8
Thailand,CAIT,Total including LUCF,All GHG,MtCO₂e,431.89,418.07,410.54,409.18,411.75,400.85,377.24,363.49,343.27,343.68,341.31,324.71,327.5,323.24,297.25,284.79,272.25,267.94,266.64,256.84,275.06,267.83,248.5,229.31,214.5,198.4,186.5,174.5
Italy,CAIT,Total including LUCF,All GHG,MtCO₂e,371.58,377.27,381.75,370.92,390.54,422.46,440.32,451.06,442.75,491.55,506.57,513.37,524.75,523.48,512.69,493.98,485.67,488.11,483.19,475.96,464.66,460.88,464.74,439.76,445.05,451.35,454.58,456.98
Poland,CAIT,Total including LUCF,All GHG,MtCO₂e,363.27,349.85,338.93,335.01,348.13,353.55,360.52,282.51,264.52,280.38,286.63,286.64,355.7,354.06,350.16,338.07,345.75,356.56,369.99,380.72,410.45,420.69,405.95,406.39,411.07,411.58,422.37,426.59
France,CAIT,Total including LUCF,All GHG,MtCO₂e,352.07,349.4,349.62,343.69,376.73,375.99,373.01,415.98,412.26,430.57,436.77,443.96,429.42,428.73,431.31,426.22,433.85,483.28,486.18,496.58,480.53,490.46,471.75,463.02,468.76,487.55,502.29,477.49
Venezuela,CAIT,Total including LUCF,All GHG,MtCO₂e,338.14,352.08,352.14,359.46,373.61,343.49,323.3,291.82,261.47,265.49,263.92,254.29,369.61,350.27,368.9,352.91,373.7,341.31,332.3,339.2,337.59,331,326.54,318.02,315.26,308.93,304.92,303.14
Egypt,CAIT,Total including LUCF,All GHG,MtCO₂e,322.56,316.11,307.05,298.59,292.61,294.67,283.87,277.84,274.82,271.31,259.47,243.23,234.47,215.53,204.82,197.49,193.11,180.77,179.47,170.63,163.81,154.39,146.97,137.99,142.31,140.04,134.93,129.29
Tanzania,CAIT,Total including LUCF,All GHG,MtCO₂e,321.06,319.78,326.73,312.99,309.94,309.58,312.03,316.84,315.62,324.7,320.64,309.19,339.9,323.55,320.69,297.08,310.18,269.19,294.65,299.73,281.96,296.82,294.59,290.54,290.45,290,289.98,289.78
Vietnam,CAIT,Total including LUCF,All GHG,MtCO₂e,319.54,320.67,306.26,263.12,249.25,237.24,235.76,251.16,231.71,209.45,200.5,184.78,169.64,159.76,141.61,135.41,118.02,86.24,78.24,75,63.8,56.03,49.46,43.31,37.69,31,28.49,25.63
Spain,CAIT,Total including LUCF,All GHG,MtCO₂e,299.35,282.81,292.59,281.94,283.43,309.75,316.29,316.43,331.69,368.38,401.62,385.94,378.36,363.3,347.31,337.93,321.25,323.41,305.93,281.34,271.75,250.17,256.87,242.96,230.02,244.81,234.98,228.8
Kazakhstan,CAIT,Total including LUCF,All GHG,MtCO₂e,280.64,274.51,259.7,258.13,307.49,294.12,294.12,277.17,251.28,282.06,235.75,227.47,206.01,193.94,176.44,164.95,148.46,148.47,149.24,165.38,166.14,193.9,221.73,253.4,278.37,320,319.08,309.03
United Arab Emirates,CAIT,Total including LUCF,All GHG,MtCO₂e,269.6,259.43,252.64,239.81,237.42,226.35,214.42,208.37,201.86,199.68,174.06,162.74,156.65,147.97,139.26,131.54,127.32,112.15,111.5,107.2,102.67,94.9,89.59,83.17,76.57,73.63,75.06,68.52
Ukraine,CAIT,Total including LUCF,All GHG,MtCO₂e,257.61,283.65,282.19,331.87,360.99,377.22,386.56,348.29,332.08,392.02,405.51,396.22,388.56,407.79,443.02,417.07,408.78,385.49,404.08,407.75,435.61,460.09,524.41,554.99,650.28,739.35,829.21,874.8
Myanmar,CAIT,Total including LUCF,All GHG,MtCO₂e,232.41,220.03,223.92,218.77,209.56,206.74,194.25,198.11,190.43,176.88,199.44,183.72,179.75,193.6,169.8,157.08,159.98,183.01,186.24,180.71,174.38,176.69,187.26,184.18,181.66,178.98,176.43,176.98
Democratic Republic of the Congo,CAIT,Total including LUCF,All GHG,MtCO₂e,224.39,224.74,219.91,219.12,222.94,214.31,214.73,211.73,210.81,210.07,207.98,209.12,210.94,208.27,203.93,197.7,196.32,206.71,210.66,218.25,216.1,210.13,203.61,203.63,203.3,202.92,202.53,203.63
Uzbekistan,CAIT,Total including LUCF,All GHG,MtCO₂e,218.55,213.33,206.45,209.67,216.53,213.95,225.94,237.07,231.69,257.9,248.41,250.41,226.32,229.27,226.78,231.79,227.97,223.95,204.19,197.34,186.36,191.88,189.42,198.17,220.73,188.83,199.02,196.29
Colombia,CAIT,Total including LUCF,All GHG,MtCO₂e,216.67,222.64,195.22,195.2,188.01,181.2,182.62,325.18,320.76,316.82,317.95,309.99,315.33,319.56,318.22,308.78,309.75,286.06,281.75,292.06,290.34,285.3,288.01,284.99,282.9,278.88,275.22,273.46
Algeria,CAIT,Total including LUCF,All GHG,MtCO₂e,211.5,209.41,211.66,203.79,193.59,189.89,179.68,167.32,166.21,156.4,153.14,145.89,147.68,142.17,138.28,132.49,125.25,127.66,120.71,114.73,109.39,105.3,103.99,99.78,102.03,94.5,94.87,96
Bangladesh,CAIT,Total including LUCF,All GHG,MtCO₂e,211.05,203.15,202.95,193.91,188.82,184.96,182.65,169.59,160.23,157.69,148.65,146.35,150.54,147.17,144.36,142.55,139.33,135.51,133.35,129.22,129.18,126.94,127.04,122.01,119.56,118.36,116.46,116.27
Cameroon,CAIT,Total including LUCF,All GHG,MtCO₂e,210.23,208.95,207.73,202.92,208.97,199.12,200.89,201.34,202.27,204.65,202.39,197.71,206.77,199.67,203.03,195.3,196.88,197.55,195.88,196.63,192.8,191.95,197.04,196.99,140.56,136.38,136.43,136.74
South Sudan,CAIT,Total including LUCF,All GHG,MtCO₂e,209.42,211.18,205.79,146.51,232.33,323.94,340.26,286.36,383.2,270.5,259.44,259.85,343.69,377.56,309.64,399.95,324.96,232.78,230.27,232.8,215.84,204.57,238.71,237.98,235.95,233.79,231.15,230.2
Iraq,CAIT,Total including LUCF,All GHG,MtCO₂e,198.78,195.4,183.95,191.69,184.88,173.56,151.57,139.87,126.64,103.39,93.86,99.69,104.18,90.04,85.79,93.82,101.22,89.67,79.31,95.9,129.45,110.9,109.13,113.17,102.14,79.14,57.43,77.78
Paraguay,CAIT,Total including LUCF,All GHG,MtCO₂e,196.32,194.87,193.59,193.01,193.59,189.46,187.78,172.01,169.08,166.91,170.4,166.3,111.35,109.45,112.26,112.43,109.93,102.37,106.94,103.75,103.53,102.33,106.21,104.2,104.21,104,104.63,107.63
Ethiopia,CAIT,Total including LUCF,All GHG,MtCO₂e,193.63,189.82,178.36,173.03,176.96,166.04,150.22,164.7,160.55,157.29,144.67,144.5,132.49,138.18,136.68,141.72,122.38,111.27,117.95,116.98,106.75,104.07,107.13,105,102.6,107.01,104.47,102.7
Netherlands,CAIT,Total including LUCF,All GHG,MtCO₂e,184.19,187.8,187.75,178.8,186.1,186.53,188.3,201.32,190.52,195.77,198,198.11,204.61,210.26,208.7,208.76,209.27,207.84,209.9,222.35,222.21,231.01,220.08,214.68,214.94,209.42,210.04,204.68
Angola,CAIT,Total including LUCF,All GHG,MtCO₂e,176.85,182.19,207.66,185.1,203.34,185.95,220.92,186.83,180.66,173.99,196.13,165.81,191.84,193.17,181,164.51,143.61,161.87,161.98,170.08,156.01,161.39,156.9,152.54,152.39,151.61,151.28,150.61
Peru,CAIT,Total including LUCF,All GHG,MtCO₂e,167.46,169.48,166.4,164.31,161.44,159.98,159.06,156.24,149.96,146.27,144.16,137.62,115.5,110.37,106.38,106.08,103.97,105.93,105.37,101.51,101.23,99.29,96.58,91.8,89.27,88.1,87.24,88.47
Philippines,CAIT,Total including LUCF,All GHG,MtCO₂e,166.2,149.76,136.84,127.66,119.66,108.26,103.12,191.4,185.21,183.12,180.05,174.38,163.38,161.94,158.19,155.12,153.25,139.77,137.86,132.26,138.4,129.78,121.06,108.87,101.1,95.59,93.45,93.39
Malaysia,CAIT,Total including LUCF,All GHG,MtCO₂e,158.12,162.95,164.9,179.88,147.31,128.4,128.18,251.52,243.65,241.22,229.36,203.8,375.09,361.58,335.37,326.86,307.49,281.66,270.82,293.71,262.36,251.87,244.01,236.38,229.46,226.07,219.34,211.78
Sudan,CAIT,Total including LUCF,All GHG,MtCO₂e,153.25,151.83,147.4,143.79,142.66,143.02,172.47,155.22,185.1,150.99,147.02,142.42,167.27,173.1,152.71,178.48,150.74,125.75,122.43,121.95,115.6,110.48,120.64,119.71,115.36,113.56,110.09,109.25
Bolivia,CAIT,Total including LUCF,All GHG,MtCO₂e,151.7,150.52,141.95,138.71,137.6,137.67,142.83,169.87,133.38,135.82,142.6,133.63,128.59,133.05,114.67,118.68,110.27,110.87,120.27,114.8,113.79,112.76,116.17,116.59,114.52,112.75,110.93,110.14
Turkmenistan,CAIT,Total including LUCF,All GHG,MtCO₂e,126.12,126.56,126.6,120.04,114.46,108.99,101.67,92.39,86.35,94.59,94.62,89.96,89.31,88.89,84.6,77.18,73.34,70.33,67.31,60.26,58.68,57.6,60.11,58.16,54,56.9,70.92,80.22
Czech Republic,CAIT,Total including LUCF,All GHG,MtCO₂e,111.57,111.53,109.72,107.8,110.52,115.81,119.21,127.55,124.47,132.11,137.17,134.19,127.72,130.78,130.23,125.89,131.51,131.55,120.91,129.01,135.64,138.14,136.52,136.55,143.83,148.54,152.99,169.71
Kuwait,CAIT,Total including LUCF,All GHG,MtCO₂e,111.43,109.81,106.8,100.29,100.53,97.44,93.57,89.19,85.57,82.86,77.97,78.25,77.54,67.13,62.99,60.41,57.47,53.57,49.75,45.49,39.27,37.78,38.21,37.79,32.96,26.32,38.73,32.04
Chad,CAIT,Total including LUCF,All GHG,MtCO₂e,106.72,102.57,97.42,56.95,57.45,58.27,57.51,57.4,55.87,57.59,57.98,57.34,39.92,37.84,36.56,34.61,30.77,35.05,35.72,34.77,30.98,29.33,26.72,26.31,26.09,25.77,25.52,25.24
Belgium,CAIT,Total including LUCF,All GHG,MtCO₂e,105.53,107.63,108.8,103.74,110.14,108.87,109.56,121.75,114.43,121.49,119.15,123.82,126.18,130.04,131.47,128.09,135.37,135.04,134.36,138.21,135.44,138.63,133.27,133.1,127.74,129.92,131.83,126.89
Ecuador,CAIT,Total including LUCF,All GHG,MtCO₂e,97.99,98.95,100.43,101.7,100.85,97.97,96.66,95.69,92.9,89.55,88.29,88.16,85.73,84.15,81.49,80.9,80.58,84.68,85.47,88.1,89.18,87.13,83.79,80.67,79.07,79.3,77.04,76.19
Qatar,CAIT,Total including LUCF,All GHG,MtCO₂e,97.65,94.98,93.05,89.53,83.26,81.42,73.72,69.34,63.42,60.66,56.38,49.05,44.85,35.56,32.03,30.5,26.17,24.23,25.37,23.13,21.69,20.05,19.1,18.23,17.34,16.42,16.24,14.08
Afghanistan,CAIT,Total including LUCF,All GHG,MtCO₂e,97.36,95.41,93.76,84.62,74.8,66.76,58.66,44.97,36.96,31.59,24.88,21.04,17.41,16.54,16.94,16.13,13.49,15.08,16.91,16.1,15.34,14.44,13.49,13.29,13.48,13.65,15.12,15.2
Libya,CAIT,Total including LUCF,All GHG,MtCO₂e,96.44,86.54,84.88,102.27,109.15,117.93,115.16,145.81,141.57,138.42,132.52,134.75,133.59,127.32,123.42,120.15,115.37,111.3,109.46,111.01,109.57,109.81,107.57,105.69,100.49,99.77,102.72,105.32
Morocco,CAIT,Total including LUCF,All GHG,MtCO₂e,91.66,88.05,88.32,85.59,83.79,82.98,80.71,77.75,73.95,73.36,70.4,69.16,56.34,53.45,48.9,48.63,46.83,43.67,42.56,40.38,39.46,37.5,36.82,36.2,33.09,33.4,32.28,30.88
Israel,CAIT,Total including LUCF,All GHG,MtCO₂e,91.03,89.35,89.43,87.08,88.48,96.64,89.51,89.32,83.87,84.29,83.61,80.42,76.03,77.37,76.27,75.45,73.44,73.72,68.85,66.66,65.29,62.27,59.17,55.34,52.01,47.95,45.17,44.09
Greece,CAIT,Total including LUCF,All GHG,MtCO₂e,86.06,86.34,87.37,89.14,92.33,99.9,105.13,107.41,114.15,121.37,125.15,121.59,123.23,121.19,121.43,118.11,117.99,117.22,111.53,110.67,106.37,105.27,104.25,99.86,97.23,96.86,94.78,94.68
Belarus,CAIT,Total including LUCF,All GHG,MtCO₂e,82.27,80.62,84.13,88.06,87.01,88.34,84.5,61.39,57.15,59.64,55.57,58.42,62.53,61.41,60.26,64.64,58.04,66.7,69.4,71.73,73.68,73.38,73.8,81.89,94.93,107.71,120.94,126
Uganda,CAIT,Total including LUCF,All GHG,MtCO₂e,82.14,81.13,79.22,76.67,75.09,73.8,71.59,69.9,67.75,66.31,57.94,57.04,54.9,51.67,50.89,47.43,44.03,45.4,45.35,46,43.54,42.54,42.34,41.57,41.82,41.38,41.05,40.5
Oman,CAIT,Total including LUCF,All GHG,MtCO₂e,78.49,77.82,76.26,72.07,68.25,65.31,58.67,52.42,48.39,45.48,46.17,42.4,32.49,32.09,32.24,31.49,29.86,27.09,24.85,21.51,21.28,19.69,19.32,17.38,17.47,18.13,19.16,14.78
Central African Republic,CAIT,Total including LUCF,All GHG,MtCO₂e,76.04,75.62,70.72,67.55,67.22,63.85,66.47,62.11,58.08,64.74,61.97,60.35,61.92,59.66,64.8,57.14,60.89,66.24,64.63,67.98,62.39,58.72,57.51,56.94,54,53.52,53.04,52.28
Botswana,CAIT,Total including LUCF,All GHG,MtCO₂e,76.03,69.97,131.82,34.31,66.36,34.16,47.85,37.57,28.27,46.17,83.81,41.56,79.22,30.21,89.43,148.35,55.5,68.33,80.47,95.96,86.58,75.65,61.78,60.85,60.58,60.89,60.63,61.19
Mozambique,CAIT,Total including LUCF,All GHG,MtCO₂e,75.4,74.1,75.48,74.95,73.18,70.57,69.04,63.02,60.32,62.79,61.05,58.97,67.15,64.7,66.53,67.78,74.59,55.32,57.7,58.9,56.18,58.45,61.21,60.97,61,60.6,60.26,60.28
Portugal,CAIT,Total including LUCF,All GHG,MtCO₂e,72.87,68.45,69.16,64.96,65.57,67.16,68.8,68.14,73.24,74.02,76.3,77.77,89.69,85.65,84.39,88.77,83.9,80.29,80.8,74.04,68.88,66.59,68.29,64.52,62.61,63.69,59.67,57.96
Austria,CAIT,Total including LUCF,All GHG,MtCO₂e,72.79,70.62,70.44,69.31,73.08,72.53,75.75,78.41,72.69,79.66,80.08,83.17,82.56,82.54,82.93,77.04,75.31,66.24,66.03,67.85,67.87,68.88,65.17,62.69,62.6,62.68,68.47,64.26
Azerbaijan,CAIT,Total including LUCF,All GHG,MtCO₂e,71.65,73.05,73.04,74.74,74.56,75.01,73.84,71.54,67.26,66.33,58.75,60.09,63.58,59.59,58.31,60.61,59.7,59.14,57.03,56.72,55.88,55.79,60.43,62.48,69.01,60.87,84.57,75.54
Mongolia,CAIT,Total including LUCF,All GHG,MtCO₂e,70.73,67.59,68.87,63.54,61.48,60.45,56.15,51.21,55.4,59.13,59.74,57.55,46.52,44.68,43.74,48.24,46.99,54.69,50.7,50.8,56.53,49.44,50.18,49.27,51.04,52.24,54.37,52.14
Cambodia,CAIT,Total including LUCF,All GHG,MtCO₂e,67.82,65.46,62.13,57.85,58.62,56.24,57.28,54.7,54.17,53.24,53.26,51.65,59.1,58.49,56.54,54.22,52.6,49.66,51.32,51.8,48.29,46.99,49.85,47.68,48.76,47.83,47.18,47.37
Zimbabwe,CAIT,Total including LUCF,All GHG,MtCO₂e,66.53,66.16,67.59,66.25,67.64,67.68,67.43,66.75,63.73,62.83,64.46,63.91,65.03,64.84,64.7,67.5,71.41,69.58,72.41,70.11,68.79,69.62,68.26,68.41,68.67,72.21,71.4,71.1
Singapore,CAIT,Total including LUCF,All GHG,MtCO₂e,66.15,64.11,62.71,60.88,59.7,58.79,59.28,56.27,52.43,51.85,51.54,50.28,49.8,52.51,51.08,54.17,55.05,55.28,50.64,49.69,50.73,50.62,49.18,47.83,44.26,37.37,34.78,31.59
Papua New Guinea,CAIT,Total including LUCF,All GHG,MtCO₂e,65.56,65.31,135.48,74.46,63.32,60.25,58.3,67.19,58.76,63.38,57.61,73.28,61.35,104.06,64.69,76.11,53.31,56.39,56.55,56.8,171.05,54.44,68.24,67.13,66.26,65.19,64.15,63.15
Ireland,CAIT,Total including LUCF,All GHG,MtCO₂e,64.96,65.59,63.25,61.25,61.09,62.02,60.59,58.36,59.25,64.62,65.82,67.33,71.85,70.59,71.39,71.07,71.81,69.08,66.11,64.55,61.15,59.65,58.1,57.26,55.78,55.13,54.92,54.35
New Zealand,CAIT,Total including LUCF,All GHG,MtCO₂e,64.8,63.22,64.51,64.54,64.05,64.48,62.2,62.02,62.22,65,65.07,66.35,67.57,66.1,67.16,64.69,63.43,53.78,53.62,51.36,52.86,50.56,50.02,48.77,47.04,47.96,47.1,47.65
Nepal,CAIT,Total including LUCF,All GHG,MtCO₂e,63.95,61.33,47.23,51.33,48.63,48.11,43.78,43.68,43,39.48,36.45,36.41,63.95,62.3,63.11,59.4,60.92,64.27,63.93,61.9,60.65,59.78,61.2,59.95,59.09,58.14,58.28,57.89
Serbia,CAIT,Total including LUCF,All GHG,MtCO₂e,63.25,62.92,61.66,55.25,63.02,62.34,67.17,-0.69,-0.08,3.21,4.7,4.85,62.5,69.34,63.95,60.93,57.65,55.6,53.61,70.95,71.23,66.39,58.92,52.35,56.03,61.79,67.06,77.37
Hungary,CAIT,Total including LUCF,All GHG,MtCO₂e,63.06,61.15,60.54,57.65,57.2,59.76,63.53,62.99,63.02,68.96,70.45,72.53,75.41,76.38,77.6,74.66,76.68,72.64,75.43,74.71,74.83,76.49,74.29,75.99,76.33,75.78,85.73,90.76
North Korea,CAIT,Total including LUCF,All GHG,MtCO₂e,60.02,67.48,62.77,69.33,64.91,75.47,74.18,88.01,91.47,107.7,99.4,111.94,107.71,105.41,103.19,101.81,105.9,102.93,99.56,95.52,104.15,111.75,123.8,132.8,144.32,153.88,168.06,175.54
Finland,CAIT,Total including LUCF,All GHG,MtCO₂e,59.85,62.81,60.1,63.56,67.65,66.88,72.66,54.75,46.68,50.33,58.39,60.33,53.08,65.25,69.32,61.01,58.66,44.08,45.68,46.59,50.27,52.28,45.78,49.78,43.18,41.93,45.04,45.13
Madagascar,CAIT,Total including LUCF,All GHG,MtCO₂e,57.56,58.13,56.96,57.28,60.06,55.69,59.48,71.69,72,64.25,69.6,65.69,61.04,55.22,54.92,50.6,60.12,68.13,70.74,71.74,69.5,70.88,72.94,72.56,72.6,72.14,71.8,71.71
Laos,CAIT,Total including LUCF,All GHG,MtCO₂e,55.57,52.29,41.55,36.57,37.7,34.97,30.54,42.05,31.66,28.76,40.12,28.51,31.86,39.83,28.54,27.93,25.38,18.37,18.95,20.32,18.66,19.04,23.07,23.07,22.77,22.81,22.55,22.69
Ghana,CAIT,Total including LUCF,All GHG,MtCO₂e,53.32,51.26,50.82,47.92,47.7,44.71,42.36,23,21.06,19.29,19.77,19.01,62.98,60,61.15,61.06,59.82,41.71,40.89,41.88,38.33,36.93,36.89,36.33,35.85,35.35,34.63,34.36
Honduras,CAIT,Total including LUCF,All GHG,MtCO₂e,51.01,51.12,50.31,50.92,50.11,48.35,50.21,47.41,47.61,47.4,47.28,46.65,48.54,45.83,48.85,43.34,42.83,54.22,53.76,54.78,54.27,53.95,55.26,54.47,53.77,53.94,53.61,53.47
Mali,CAIT,Total including LUCF,All GHG,MtCO₂e,50.77,48.5,43.65,42.37,41.93,40.92,40.25,39.83,36.72,37.19,35.21,35.06,34.19,34.48,31.13,31.45,31.15,31.65,32.44,31.18,26.73,25.74,24.06,23.72,23.46,23.24,23.18,23.22
Republic of Congo,CAIT,Total including LUCF,All GHG,MtCO₂e,48.39,48.99,47.1,32.24,50.98,49.25,51.94,43.15,35.61,37.87,43.35,47.74,51.29,40.15,35.75,22.98,26.56,19.77,20.59,20.69,20.97,20.15,40.14,39.95,40.18,40.22,40.3,38.08
Bahrain,CAIT,Total including LUCF,All GHG,MtCO₂e,47.94,47.15,46.94,45.89,43.75,40.88,39.66,38.91,37.01,36.43,34.02,32.88,30.45,27.37,27.07,26.01,24.85,24.02,22.86,22.17,20.33,19.34,17.96,17.12,16.67,15.78,13.76,14.06
Syria,CAIT,Total including LUCF,All GHG,MtCO₂e,46.46,43.9,43.36,47.9,55.09,74.75,88.36,93.77,94.23,99.45,98.36,94.67,91.39,80.26,77.94,77.59,76.98,76.48,76.47,77.49,74.23,73.78,70.55,66.4,62.99,62.5,61.35,56.98
Bulgaria,CAIT,Total including LUCF,All GHG,MtCO₂e,46.29,44.11,47.14,44.5,41.93,47.08,52.78,46.91,45.2,52.67,55.2,50.99,47.01,47.1,48.36,43.55,46.61,46.32,46.9,53.83,57.67,60.19,59.71,58.49,62.38,63.86,69.73,86.95
Switzerland,CAIT,Total including LUCF,All GHG,MtCO₂e,45.67,46.66,46.17,46.95,50.74,49.72,48.49,50.73,49.17,50.64,49.05,50.98,53.11,52.42,51.98,50.78,52.46,50.53,51.33,51.21,49.67,51.12,50.53,49.6,50.47,52.94,53.02,50.82
Kenya,CAIT,Total including LUCF,All GHG,MtCO₂e,45.66,48.5,43.39,40.11,37.27,38.6,36.79,34.05,33.35,33.62,31.12,15.15,-3.14,-3.7,-6.06,-7.21,-8.25,98.31,99.71,97.34,96.04,95.78,96.45,96.11,95.85,96.05,96.05,97.28
Denmark,CAIT,Total including LUCF,All GHG,MtCO₂e,45.11,47.28,45.56,47.64,51.89,50.35,55.42,62.22,61.79,64.61,68.1,72.89,65.85,69.72,76.12,70.34,70.87,68.52,72.73,75.57,79.62,89.29,75.82,78.91,75.21,72.64,78.84,68.22
Guinea,CAIT,Total including LUCF,All GHG,MtCO₂e,44.77,45.4,42.39,41.61,40.13,40.14,39.5,37.02,35.36,33.53,36.76,35.62,34.3,34.23,32.33,30.27,29.24,27.6,27.28,27.48,25.94,25.7,28.65,28.23,27.81,27.44,27.11,26.78
Sweden,CAIT,Total including LUCF,All GHG,MtCO₂e,44.66,45.48,46.04,46.44,47.47,49.16,52.01,55.94,50.36,54.23,55.38,57.59,12.06,15.61,17.03,16.04,14.7,46.95,51.26,52.63,51.82,58.08,52.53,52.99,51.17,51.21,48.66,48.01
Niger,CAIT,Total including LUCF,All GHG,MtCO₂e,44.52,42.76,41.04,39.26,37.02,35.19,32.72,32.39,30.99,29.56,28.31,27.07,26.1,25.17,24.27,23.4,22.56,27.34,26.46,25.82,24.83,24.24,23.23,22.58,22.02,21.3,20.76,20.24
Guatemala,CAIT,Total including LUCF,All GHG,MtCO₂e,42.89,43.59,41.58,37.97,37.85,35.94,35.36,43.26,44.08,41.7,44.26,41.27,43.76,38.75,44.14,38.88,37.06,37.84,35.35,36.66,32.78,32.31,32.86,31.76,31.44,30.68,29.4,28.94
Tunisia,CAIT,Total including LUCF,All GHG,MtCO₂e,40.73,39.25,40.12,39.4,36.97,37.01,35.96,37.76,35.13,34.58,34.47,33.72,32.88,32.29,31.41,31.09,30.8,29.81,28.23,26.79,25.41,24.71,23.22,22.54,22.55,20.98,20.24,19.19
Burkina Faso,CAIT,Total including LUCF,All GHG,MtCO₂e,40.25,38.61,37.08,36.33,35.91,35.08,34.37,36.39,35.09,34.07,33.54,32.54,30.76,30.05,29.13,26.54,25.22,28.79,27.44,27.53,26.75,26.2,24.73,24.35,23.88,23.62,23.32,22.87
Somalia,CAIT,Total including LUCF,All GHG,MtCO₂e,40.13,40.06,40.43,40.25,40.15,39.97,39.64,41.67,41.42,41.35,41.28,42.34,45.76,45.28,44.95,44.68,44.25,41.83,41.63,41.54,41.66,41.24,40.77,40.09,38.12,36.12,38.04,40.92
Sri Lanka,CAIT,Total including LUCF,All GHG,MtCO₂e,38.74,37.47,36.5,33.46,30.58,32.86,31.38,27.87,26.61,27.47,27.18,26.21,30.34,28.33,28.15,26.91,25.89,24.83,25.73,26.44,29.03,31.16,31.47,31.31,30.4,29.95,28.1,28.15
Guyana,CAIT,Total including LUCF,All GHG,MtCO₂e,37.7,37.6,46.94,35.43,26.89,29.2,24.3,34.45,22.02,19.96,17.4,17.87,25.22,15.92,46.79,17.79,16.29,12.36,12.93,17.72,14.12,14.1,23.41,23.06,22.76,22.63,22.64,22.41
Jordan,CAIT,Total including LUCF,All GHG,MtCO₂e,36.73,35.07,34.97,34.68,32.42,32.12,28.55,27.43,27.57,26.89,27.63,26.18,25.44,23.93,22.71,22.32,21.03,20.9,20.34,21.28,22.07,22.57,23.34,23.71,22.63,21.89,19.14,18.67
Lebanon,CAIT,Total including LUCF,All GHG,MtCO₂e,35.59,33.77,32.66,30.3,28.35,28.35,25.75,25.01,25.91,22.47,18.73,19.74,20.68,21.25,20.7,20.02,20.04,18.77,19.93,18.95,18.61,16.4,15.37,13.11,12.15,8.77,8.71,7.22
Slovakia,CAIT,Total including LUCF,All GHG,MtCO₂e,35.38,33.48,32.66,32.24,34.9,34.25,36.56,36.74,35.15,38.8,38.92,39.9,37.58,36.7,37.35,37.06,37.62,36.29,38.88,40.34,41.53,41.72,41.68,41.09,43.8,46.48,49.02,57.06
Senegal,CAIT,Total including LUCF,All GHG,MtCO₂e,34.98,34.92,32.77,32.25,31.32,30.06,30.96,31.35,29.76,30.08,28.42,29.08,28.66,27.69,25.64,27.47,28.15,28.76,28.72,26.46,25.2,24.64,23.22,22.86,22.43,22.09,21.54,21.15
Côte d'Ivoire,CAIT,Total including LUCF,All GHG,MtCO₂e,31.56,30.2,28.57,27.3,27.53,26.74,25.04,26.15,27.71,29.4,30.86,31.33,18.56,17.89,20.2,23.03,24.15,28.23,29.06,27.82,27.78,26.94,27.67,27.93,22.09,16.4,10.81,5.09
Cuba,CAIT,Total including LUCF,All GHG,MtCO₂e,28.56,31.75,30.78,30.6,30.97,32.25,32.19,84.89,81.84,80.42,80.97,79.98,8.71,8.42,8.85,9.66,10.95,9.93,9.6,9.25,9.77,7.33,4.3,2.53,1.21,4.99,10.93,19.8
Dominican Republic,CAIT,Total including LUCF,All GHG,MtCO₂e,28.28,29.11,27.86,25.49,25.24,25.44,24.69,24.31,22.98,23.47,23.3,22.09,20.43,18.98,19.72,22.04,19.65,17.52,16.76,16.11,14.22,12.53,11.63,11.11,9.11,8.59,7.08,5.92
Benin,CAIT,Total including LUCF,All GHG,MtCO₂e,27.89,27.36,25.41,24.74,24.13,23.63,23.7,23.46,22.84,22.08,22.47,21.45,20.9,19.48,19.52,19.72,18.5,23.34,23.11,23.34,22.21,21.93,20.46,20.6,20.32,20.2,20.08,19.95
Bosnia and Herzegovina,CAIT,Total including LUCF,All GHG,MtCO₂e,27.53,27.28,24.76,24.53,27.1,27.49,29.33,26.01,26.01,25.84,24.06,22.77,20.88,20.26,19.57,18.66,18.57,10.91,7.2,7.09,4.23,-0.63,-1.73,-1.64,8.69,12.13,19.67,22.2
Panama,CAIT,Total including LUCF,All GHG,MtCO₂e,26.28,26.66,26.74,26.86,26.4,26.08,25.16,24.08,23.53,21.86,21.84,21.88,21.9,20.43,20.69,20.15,20.62,18.8,18.66,19.55,18.5,18.59,18.82,18.59,18.3,18.03,17.35,16.85
Uruguay,CAIT,Total including LUCF,All GHG,MtCO₂e,25.54,26.52,26.16,26.34,26.94,27.82,27.16,16.64,19.17,19.64,17.01,18.05,21.52,21.21,19.27,18.36,18.03,6.76,8.65,7.64,8.06,8.39,7.11,6.91,7.02,6.48,4.87,3.25
Equatorial Guinea,CAIT,Total including LUCF,All GHG,MtCO₂e,24.05,24.5,26.52,27.92,29.63,30.74,30.88,31.22,31.59,31.14,29.94,31.79,30.88,28.14,24.16,21.12,17.93,15.61,13.58,11.86,10.36,8.74,6.72,6.66,6.61,5.63,5.58,5.52
Norway,CAIT,Total including LUCF,All GHG,MtCO₂e,23.88,25.02,25.63,25.36,25.09,26.01,27.15,28.14,23.79,24.46,25.87,25.26,26.27,27.52,27.02,25.07,25.59,31.92,37.31,35.36,33.78,32.17,31.3,31.97,30.43,28.58,28.03,30.6
Namibia,CAIT,Total including LUCF,All GHG,MtCO₂e,22.75,20.3,20.7,20.36,21.05,27.52,26.07,21.6,22.51,19.26,21.07,22.23,20.52,19.03,18.36,18.12,19.88,20.42,19.04,19.07,18.04,18.27,18.12,18.01,17.82,17.86,17.91,16.6
Trinidad and Tobago,CAIT,Total including LUCF,All GHG,MtCO₂e,22.59,22.35,25.1,25.49,26.02,25.12,25.91,25.91,23.28,24.04,24.79,24.75,21.78,18.01,17.26,17.91,17.2,16.27,16,15.8,15.39,14.85,14.59,14.41,13.85,13.31,14.36,15.44
Yemen,CAIT,Total including LUCF,All GHG,MtCO₂e,22.07,22.74,26.05,38.81,38.35,31.47,32.39,35.61,36.97,33.06,31.41,29.68,29.33,28.24,26.98,24.03,23.84,22.25,21.07,19.24,17.82,16.48,15.82,14.3,13.92,14.8,14.02,12.37
Malawi,CAIT,Total including LUCF,All GHG,MtCO₂e,21.99,21.32,20.77,19.83,18.8,18.12,17.13,19.37,18.23,18.39,17.77,17.34,18.8,17.75,18.07,17.21,17.9,16.38,15.73,15.87,15.55,15.5,14.91,14.47,15.74,16.48,17.36,18.06
Nicaragua,CAIT,Total including LUCF,All GHG,MtCO₂e,20.23,20.44,19.4,19.14,17.97,17.02,16.96,44.83,43.99,44.2,44.01,43.91,44.78,43.09,44.77,42.44,41.98,41.86,41.29,40.72,39.74,38.9,39.36,39.98,39.66,38.99,38.08,39.44
Estonia,CAIT,Total including LUCF,All GHG,MtCO₂e,20.04,19.45,19.24,21.66,23.03,20.6,21.81,19.47,15.47,18.89,20.4,16.57,23.25,23.13,23.01,21.33,21.39,13.6,14.02,15.17,15.77,16.21,15.31,17.06,17.94,23.75,31.39,35.18
Croatia,CAIT,Total including LUCF,All GHG,MtCO₂e,19.55,18.9,18.87,18.27,19,20.14,22.11,16.61,17.17,19.74,20.67,19.05,16.29,16.39,16.63,15.53,14.53,13.76,14.66,15.05,14.69,13.2,13.87,12.59,12.5,11.62,10.59,17.1
Lithuania,CAIT,Total including LUCF,All GHG,MtCO₂e,17.57,17.66,17.65,17.38,17.86,18.75,18.29,19.29,18.27,21.79,22.09,21.32,22.99,22.19,21.3,20.89,21.11,20.28,22,24.71,23.82,24.03,23.26,24.85,26.87,32.79,47.57,45.83
Georgia,CAIT,Total including LUCF,All GHG,MtCO₂e,17.21,17.41,17.01,16.65,16.06,15.26,14.38,9.49,9.75,9,9.87,9.13,8.75,8.12,8.03,7.48,8.12,9.98,9.62,9.91,10.4,11.12,12.76,16.2,23.55,29.81,37.82,47.95
Brunei,CAIT,Total including LUCF,All GHG,MtCO₂e,16.79,16.64,16.28,17.4,17.45,17.66,17.62,19.05,20.11,20.36,20.46,21.32,19.45,19.44,19.84,18.71,18.64,18.69,18.11,22.4,18.63,17.73,17.06,16.56,16.14,15.73,15.39,15.79
Kyrgyzstan,CAIT,Total including LUCF,All GHG,MtCO₂e,15.5,15.81,16.25,15.6,15.08,15.56,13,26.78,27.11,27.48,26.31,25.06,8.08,8.4,8.25,7.62,6.66,7.26,7.3,8.64,8.43,8.53,7.59,10.28,15.46,20.3,27.86,30.12
Togo,CAIT,Total including LUCF,All GHG,MtCO₂e,14.73,14.86,14.41,13.61,13.89,14.07,14.59,14,14.27,12.71,12.49,12.65,13.44,12.47,12.67,12.19,11.69,11.94,12.35,11.88,10.91,11.13,10.61,10.58,10.29,10.39,10.7,10.88
Tajikistan,CAIT,Total including LUCF,All GHG,MtCO₂e,14.54,13.93,12.55,11.99,10.54,10.13,9.34,9.03,9,9.36,9.01,8.32,7.78,7.66,6.95,6.71,6.76,6.82,7.17,7.64,7.71,7.47,8.1,8.69,11.16,14,17.01,17.88
Sierra Leone,CAIT,Total including LUCF,All GHG,MtCO₂e,13.22,13.56,16,14.8,13.03,14.04,11.8,11.21,12.96,11.13,12.43,15.11,11.11,13.06,11.87,9.6,9.35,8.87,8.69,9.02,8.9,8.91,10.73,11.06,11.08,10.99,10.87,10.89
El Salvador,CAIT,Total including LUCF,All GHG,MtCO₂e,12.83,13.46,13.49,13,12.72,13.43,13.28,13.45,13.7,14.09,14.66,14.04,13.61,13.27,12.96,12.44,12.24,11.63,11.77,11.6,11.52,10.68,10.77,10.52,9.84,9.3,8.89,8.04
Mauritania,CAIT,Total including LUCF,All GHG,MtCO₂e,12.6,11.59,11.32,10.64,10.18,10.16,9.71,11.65,11.04,10.28,10.81,10.61,10.84,10.67,10.63,10.51,10.56,10.25,9.85,9.27,8.99,8.72,8.23,8.13,8.2,8,8.12,7.87
Timor-Leste,CAIT,Total including LUCF,All GHG,MtCO₂e,12.49,12.87,13,12.98,13,13.04,13.05,14.48,14.18,13.86,13.49,13.2,12.16,11.18,10.39,9.55,8.49,4.25,4.18,4.29,4.27,4.26,4.25,4.23,4.14,4.11,4.11,4.03
Moldova,CAIT,Total including LUCF,All GHG,MtCO₂e,11.89,11.81,11.64,11.1,10.48,11.31,11.56,11.62,10.86,11.54,11.77,11.47,11.78,11.49,11.56,10.9,10.77,10.17,11.02,12.38,13.84,15.55,17.33,19.39,22.46,25.85,31.01,37.09
Slovenia,CAIT,Total including LUCF,All GHG,MtCO₂e,11.16,10.98,10.15,10.07,11.62,12.26,12.88,11.3,11.01,13,12.01,12.08,9.21,9.01,8.8,8.82,8.75,11.37,11.67,12.4,12.67,12.19,11.37,10.5,10.42,9.71,9.98,11.01
Macedonia,CAIT,Total including LUCF,All GHG,MtCO₂e,10.99,10.53,10.56,10.82,11.24,12.16,12.71,11.75,11.91,12.61,12.87,12.37,13.57,13.2,13.41,12.51,13.12,11.11,11.4,12.3,11.53,12.7,11.18,11.54,11.99,11.99,12.58,13.25
Liberia,CAIT,Total including LUCF,All GHG,MtCO₂e,10.65,10.67,15.06,11.34,8.84,8.5,7.6,20.37,24.79,19.8,19.77,20.08,19.14,19.19,19.21,18.59,18.52,18.42,18.27,18.25,18.06,17.9,18.73,18.87,19.04,19.21,19.33,19.6
Haiti,CAIT,Total including LUCF,All GHG,MtCO₂e,10.04,10.02,9.83,9.51,9.14,8.85,9.11,8.73,8.2,8.15,8.13,7.72,7.67,7.58,7.7,7.66,7.43,7.24,6.76,6.63,6.5,6.07,5.79,4.99,5.5,5.86,5.44,5.21
Luxembourg,CAIT,Total including LUCF,All GHG,MtCO₂e,9.92,9.78,10.05,10.56,11.05,11.58,11.83,11.98,11.38,11.96,12.04,12.63,12.82,12.59,11.15,10.75,9.96,8.66,8.7,8.32,8.99,9.5,9.41,11.56,12.4,12.2,12.51,12.03
Albania,CAIT,Total including LUCF,All GHG,MtCO₂e,9.9,9.33,9.48,9.54,9.05,8.94,9.33,8.88,8.6,8.54,9.03,8.75,9.94,10.16,10.11,9.67,9.06,8.38,7.99,6.77,6.54,7.25,7.53,7.77,6.93,6.99,9.04,11.4
Jamaica,CAIT,Total including LUCF,All GHG,MtCO₂e,9.22,9.76,9.22,9.32,9.56,9.08,9.43,9.26,9.83,11.4,13.99,14.13,12.72,12.75,12.85,12.44,12.33,12.21,12.08,11.8,11.26,11.12,10.82,10.51,10.47,10.28,9.49,9.49
Armenia,CAIT,Total including LUCF,All GHG,MtCO₂e,9.13,9.36,9.11,9.12,9.15,9.22,8.23,7.88,8.02,9.11,8.57,7.9,7.46,6.74,6.35,5.92,6.26,6.15,5.8,6.31,6.39,5.78,6.84,6.24,8.76,14.95,25.07,24.44
Cyprus,CAIT,Total including LUCF,All GHG,MtCO₂e,8.37,8.23,7.84,7.78,7.4,8.07,8.58,8.75,9.06,9.24,9.05,8.72,8.89,8.75,8.8,8.14,7.91,8.04,7.77,7.5,7.17,7.09,6.7,6.81,6.56,6.29,5.87,5.35
Eritrea,CAIT,Total including LUCF,All GHG,MtCO₂e,8.02,7.9,7.82,7.98,8.09,8.21,8.3,8.08,8.22,7.95,7.91,7.48,7.65,7.79,7.9,7.9,8.1,9.13,9.04,8.88,8.88,8.41,7.9,7.29,6.59,6.6,5.56,5.03
Burundi,CAIT,Total including LUCF,All GHG,MtCO₂e,8,7.95,7.52,7.56,8,7.36,7.55,4.03,3.82,3.45,2.69,3.15,8.87,9.55,10.39,10.17,9.2,12.22,12.08,12.4,12.16,11.99,12.61,12.53,12.59,12.56,12.53,12.42
Rwanda,CAIT,Total including LUCF,All GHG,MtCO₂e,7.64,7.58,7.76,5.24,6.42,5.28,5.41,4.44,3.92,4.73,3.18,4.05,-4.55,-5.12,-3.79,-5.71,-5.74,12.73,12.84,12.75,12.61,12.37,12.87,13.11,13.24,13.32,13.39,13.41
Suriname,CAIT,Total including LUCF,All GHG,MtCO₂e,7.51,7.68,9.9,8.48,8.07,7.82,7.32,6.96,7.72,6.89,5.61,6.41,6.08,8.58,9.97,6.49,5.43,5.29,6.16,7.02,6.51,6.37,7.43,7.38,7.35,7.4,7.3,6.94
Mauritius,CAIT,Total including LUCF,All GHG,MtCO₂e,6.71,6.51,6.35,6.31,6.1,5.97,5.81,5.77,5.49,5.5,5.39,5.25,5.01,4.82,4.79,4.6,4.58,4.27,3.83,3.3,3.03,2.92,2.74,2.68,2.61,2.45,2.36,2.25
Lesotho,CAIT,Total including LUCF,All GHG,MtCO₂e,5.62,5.22,5.19,5.19,5.09,5.08,4.9,4.87,4.72,4.5,4.42,4.22,4.15,3.95,3.98,3.9,4.08,4.06,4.11,3.6,3.58,3.56,3.53,3.56,3.55,3.54,3.32,3.26
Belize,CAIT,Total including LUCF,All GHG,MtCO₂e,4.96,4.94,5.28,3.58,7.63,3.52,7.22,9.32,8.01,8.42,9.85,7.58,9.32,6.93,10.25,9.66,7.21,5.63,6.67,7.88,8.6,9.8,12.75,13.84,13.73,13.66,13.44,13.23
Costa Rica,CAIT,Total including LUCF,All GHG,MtCO₂e,4.76,4.59,3.49,3.6,3.63,3.07,3.01,6.2,5.94,6.36,6.22,4.81,4.51,3.93,4.98,3.56,3.57,17.04,17.18,17.36,16.61,16.52,16.67,17.1,16.71,16.65,15.55,15.28
Chile,CAIT,Total including LUCF,All GHG,MtCO₂e,4.63,3.62,0.36,-5.81,0.26,-2.58,-4.71,86.47,81.8,84.56,79.83,71.44,70.91,70.05,64.64,63.74,62.73,59.27,62.97,60.16,58.96,51.65,45.49,42.03,38.5,37.14,34.8,35.53
Guinea-Bissau,CAIT,Total including LUCF,All GHG,MtCO₂e,4.24,4.11,4.17,4.02,4.01,4.11,3.91,3.98,3.85,3.64,3.75,3.71,4.25,4.3,4.41,4.46,4.8,3.46,3.75,3.39,3.17,3.12,3.31,3.27,3.25,3.21,3.18,3.17
Barbados,CAIT,Total including LUCF,All GHG,MtCO₂e,3.72,3.82,3.78,3.77,3.94,4.66,4.09,4.06,7.07,4.23,3.91,3.89,3.76,3.72,3.72,3.71,3.66,3.58,3.64,3.59,3.47,3.36,3.35,3.3,3.22,3.37,3.14,3.1
Montenegro,CAIT,Total including LUCF,All GHG,MtCO₂e,3.54,3.43,3.7,3.59,3.69,3.88,4.16,-12.72,-13.46,-12.39,-12.83,-12.68,2.87,1.1,1.25,1.24,1.24,1.3,1.35,1.37,1.36,1.34,1.32,1.25,1.24,1.23,1.35,1.36
Iceland,CAIT,Total including LUCF,All GHG,MtCO₂e,3.27,3.15,3.18,3.14,3.07,2.91,2.92,3.23,3.35,3.69,3.8,4.01,3.35,3.38,3.31,3.34,3.28,3.43,3.4,3.42,3.27,3.29,3.04,3.1,3.02,3.06,3.26,3.38
Eswatini,CAIT,Total including LUCF,All GHG,MtCO₂e,3.24,3.38,3.17,3.12,3.69,3.19,3.12,3.1,3.08,3.21,3.36,3.05,3.16,3.13,3.12,3.09,3.05,3.22,3.31,3.29,3.18,2.85,2.94,2.94,2.62,2.89,2.94,2.91
Bahamas,CAIT,Total including LUCF,All GHG,MtCO₂e,3.03,3.06,3.17,3.4,4.06,4.38,3.33,7.36,11.34,7.48,7.33,7.3,1.47,1.69,1.57,1.65,1.46,1.06,1.13,1.17,0.65,0.85,0.96,0.91,0.97,1.4,0.74,0.64
Solomon Islands,CAIT,Total including LUCF,All GHG,MtCO₂e,2.88,2.86,2.78,2.8,2.83,2.78,2.76,2.36,2.35,2.33,2.33,2.32,2.38,2.34,2.3,2.28,2.26,2.24,2.22,2.21,2.19,2.18,2.16,2.15,2.13,2.11,2.1,2.09
Gambia,CAIT,Total including LUCF,All GHG,MtCO₂e,2.4,2.32,2.3,2.25,2.1,2.03,1.93,2.17,2.08,1.7,1.52,1.49,1.33,1.46,1.56,1.75,2.09,2.33,2.68,2.74,3.01,3.33,3.44,3.91,4.37,4.24,4.13,3.97
Grenada,CAIT,Total including LUCF,All GHG,MtCO₂e,2.33,2.31,2.29,2.26,2.32,2.41,2.27,2.08,2.59,2.06,2.04,2.01,2.51,2.49,2.5,2.48,2.45,2.07,2.07,2.06,2.02,1.99,1.96,1.93,1.91,1.92,1.86,1.84
Maldives,CAIT,Total including LUCF,All GHG,MtCO₂e,2.24,2.12,1.66,1.66,1.39,1.38,1.22,1.14,1.08,1.02,1.01,1,0.84,0.86,0.64,0.72,0.59,0.56,0.52,0.4,0.42,0.35,0.33,0.27,0.26,0.28,0.21,0.21
Malta,CAIT,Total including LUCF,All GHG,MtCO₂e,2.01,1.87,2.16,2.84,2.83,3.16,2.98,2.99,2.89,3.08,3.14,3.05,2.97,2.92,2.92,2.62,2.78,2.41,2.67,2.63,2.73,2.57,2.62,2.76,3.05,2.41,2.43,2.52
Djibouti,CAIT,Total including LUCF,All GHG,MtCO₂e,1.46,1.47,1.51,1.43,1.52,1.46,1.42,1.46,1.4,1.41,1.4,1.36,1.36,1.32,1.33,1.31,1.28,1.27,1.23,1.19,1.18,1.15,1.1,1.05,1.04,1.02,1.01,0.99
Antigua and Barbuda,CAIT,Total including LUCF,All GHG,MtCO₂e,1.17,1.14,1.1,1.08,1.06,1.29,1.07,1.13,2.02,1.06,1.01,0.95,0.78,0.75,0.74,0.71,0.65,0.59,0.57,0.55,0.5,0.47,0.44,0.42,0.41,0.43,0.35,0.34
Vanuatu,CAIT,Total including LUCF,All GHG,MtCO₂e,0.84,0.84,0.81,0.81,0.75,0.75,0.75,0.71,0.7,0.7,0.7,0.58,0.58,0.56,0.58,0.55,0.56,0.56,0.58,0.57,0.57,0.57,0.54,0.54,0.53,0.5,0.48,0.47
Saint Lucia,CAIT,Total including LUCF,All GHG,MtCO₂e,0.74,0.72,0.74,0.72,0.67,0.87,0.72,0.92,1.56,0.83,0.81,0.9,0.63,0.66,0.67,0.62,0.66,0.58,0.68,0.76,0.85,0.92,0.99,1.03,0.98,0.98,0.87,0.85
Seychelles,CAIT,Total including LUCF,All GHG,MtCO₂e,0.74,0.69,0.65,0.6,0.54,0.57,0.52,0.56,0.62,0.81,0.75,0.84,0.79,0.85,0.65,0.63,0.73,0.67,0.61,0.52,0.43,0.32,0.28,0.28,0.26,0.24,0.24,0.22
Samoa,CAIT,Total including LUCF,All GHG,MtCO₂e,0.67,0.66,0.62,0.57,0.55,0.54,0.54,-0.02,-0.03,-0.05,-0.04,-0.04,0.39,0.38,0.36,0.36,0.37,-1.6,-1.62,-1.63,-1.64,-1.64,-1.65,-1.65,-1.69,-1.7,-1.7,-1.7
Comoros,CAIT,Total including LUCF,All GHG,MtCO₂e,0.66,0.61,0.58,0.56,0.55,0.53,0.51,0.51,0.47,0.46,0.44,0.49,0.53,0.47,0.45,0.43,0.43,0.38,0.4,0.39,0.37,0.36,0.36,0.35,0.35,0.34,0.34,0.33
Cape Verde,CAIT,Total including LUCF,All GHG,MtCO₂e,0.63,0.6,0.56,0.55,0.55,0.56,0.59,0.7,0.66,0.61,0.59,0.63,0.64,0.54,0.5,0.47,0.43,0,-0.03,-0.06,-0.09,-0.11,-0.09,-0.13,-0.11,-0.12,-0.15,-0.17
Saint Vincent and the Grenadines,CAIT,Total including LUCF,All GHG,MtCO₂e,0.37,0.37,0.32,0.39,0.31,0.5,0.33,0.51,1.25,0.48,0.56,0.51,0.28,0.28,0.26,0.26,0.24,0.15,0.17,0.17,0.13,0.13,0.13,0.11,0.1,0.09,0.06,0.05
Saint Kitts and Nevis,CAIT,Total including LUCF,All GHG,MtCO₂e,0.36,0.36,0.35,0.34,0.34,0.46,0.38,0.46,0.92,0.46,0.45,0.44,0.3,0.31,0.3,0.3,0.28,0.25,0.24,0.24,0.22,0.21,0.21,0.2,0.19,0.2,0.16,0.16
Dominica,CAIT,Total including LUCF,All GHG,MtCO₂e,0.35,0.37,0.37,0.36,0.36,0.44,0.35,0.77,1.09,0.78,0.77,0.76,0.24,0.23,0.21,0.2,0.23,0.16,0.15,0.15,0.15,0.14,0.17,0.16,0.16,0.17,0.15,0.15
Fiji,CAIT,Total including LUCF,All GHG,MtCO₂e,0.35,0.24,0.07,-0.22,-0.51,-0.67,-0.65,2.99,2.87,2.82,3.11,3.21,0.46,0.65,0.26,0.11,0.28,0.37,0.34,0.37,0.41,0.42,0.38,0.31,0.26,0.2,0.16,0.14
Tonga,CAIT,Total including LUCF,All GHG,MtCO₂e,0.34,0.31,0.27,0.27,0.28,0.27,0.26,-0.22,-0.2,-0.23,-0.23,-0.21,0.28,0.27,0.29,0.24,0.23,0.24,0.26,0.24,0.25,0.24,0.26,0.27,0.26,0.25,0.26,0.25
Palau,CAIT,Total including LUCF,All GHG,MtCO₂e,0.3,0.29,0.25,0.25,0.24,0.24,0.24,0.23,0.22,0.23,0.26,0.27,0.14,0.11,0.09,0.1,0.09,0.08,0.08,0.08,0.07,0.07,0.07,0.07,0.07,0.07,-0.13,N/A
Micronesia,CAIT,Total including LUCF,All GHG,MtCO₂e,0.23,0.23,0.2,0.19,0.19,0.18,0.17,0.16,0.18,0.16,0.18,0.18,0.2,0.2,0.2,0.18,0.19,0.17,0.17,0.17,0.16,0.16,0.16,0.1,0.09,0.08,-0.02,N/A
Marshall Islands,CAIT,Total including LUCF,All GHG,MtCO₂e,0.22,0.22,0.19,0.19,0.18,0.18,0.18,0.18,0.17,0.17,0.18,0.17,0.17,0.16,0.15,0.15,0.14,0.13,0.13,0.13,0.12,0.12,0.12,0.12,0.11,0.11,0.03,N/A
Sao Tome and Principe,CAIT,Total including LUCF,All GHG,MtCO₂e,0.19,0.18,0.17,0.17,0.17,0.17,0.15,0.44,0.43,0.42,0.42,0.42,0.12,0.12,0.11,0.11,0.1,0.1,0.1,0.11,0.1,0.1,0.1,0.1,0.09,0.09,0.09,0.09
Cook Islands,CAIT,Total including LUCF,All GHG,MtCO₂e,0.1,0.09,0.08,0.09,0.08,0.08,0.08,0.03,0.02,0.03,0.03,0.03,0.06,0.06,0.05,0.05,0.05,0.02,0.02,0.02,0.02,0.02,0.01,0.01,0,0,0,0
Kiribati,CAIT,Total including LUCF,All GHG,MtCO₂e,0.1,0.1,0.08,0.08,0.09,0.08,0.07,0.07,0.08,0.08,0.08,0.09,0.08,0.07,0.06,0.06,0.05,0.05,0.04,0.04,0.04,0.04,0.04,0.04,0.04,0.03,0.03,0.03
Nauru,CAIT,Total including LUCF,All GHG,MtCO₂e,0.07,0.07,0.06,0.06,0.05,0.05,0.05,0.05,0.05,0.05,0.05,0.05,0.08,0.07,0.08,0.08,0.09,0.09,0.1,0.11,0.11,0.11,0.11,0.12,0.12,0.13,0.13,0.13
Niue,CAIT,Total including LUCF,All GHG,MtCO₂e,0.06,0.06,0.06,0.06,0.05,0.05,0.05,-0.01,-0.01,0,-0.01,0,0.04,0.04,0.04,0.04,0.04,0.03,0.03,0.03,0.03,0.03,0.03,0.03,0.03,0.03,0.03,0.03
Tuvalu,CAIT,Total including LUCF,All GHG,MtCO₂e,0.03,0.02,0.02,0.02,0.02,0.02,0.02,0.02,0.02,0.02,0.02,0.02,0.02,0.02,0.02,0.02,0.02,0.02,0.02,0.02,0.02,0.02,0.02,0.02,0.02,0.02,0.02,0.01
Bhutan,CAIT,Total including LUCF,All GHG,MtCO₂e,-1.37,-1.47,-1.69,-1.71,-1.82,-1.77,-1.99,-1.26,-1.45,-1.47,-1.31,-1.42,-2.86,-3.05,-3.03,-3,-3.03,-2.68,-2.62,-2.68,-2.7,-2.78,-2.79,-2.89,-2.92,-2.89,-2.88,-2.93
Latvia,CAIT,Total including LUCF,All GHG,MtCO₂e,-2.42,-2.33,-2.16,-2.17,-2.11,-2.1,-1.91,-3.09,-4.29,-3.51,-3.17,-3.55,7.44,7.34,7.53,7.38,7.05,-2.18,-1.37,-0.64,-0.19,0.41,0.41,2.17,5.15,8.34,10.56,12.29
Romania,CAIT,Total including LUCF,All GHG,MtCO₂e,-55.82,-58.56,-56.06,-57.81,-56.81,-44.81,-42.86,110.25,113.4,130.33,133.83,135.92,138.79,140.2,143.6,138.07,140.39,135.11,130.47,146.11,163.59,176.29,173.31,167.76,171.22,182.67,204.11,246.57
Gabon,CAIT,Total including LUCF,All GHG,MtCO₂e,-85.82,-84.89,-85.01,-85.57,-84.9,-85.23,-85.08,7.94,7.05,8.29,7.37,7.21,7.53,7.41,6.86,6.63,6.77,6.79,7.23,7.61,7.79,7.95,8.72,8.84,9.16,9.12,8.91,8.74
Andorra,CAIT,Total including LUCF,All GHG,MtCO₂e,N/A,0.56,0.56,0.55,0.57,0.58,0.58,0.59,0.58,0.6,0.6,0.6,0.63,0.61,0.58,0.58,0.56,0.57,0.55,0.52,0.49,0.47,0.44,0.42,0.42,0.41,0.41,0.41
Liechtenstein,CAIT,Total including LUCF,All GHG,MtCO₂e,N/A,0.09,0.09,0.08,0.09,0.09,0.09,0.09,0.09,0.11,0.11,0.03,0.03,0.03,0.03,0.03,0.03,0.02,0.02,0.02,0.02,0.02,0.02,0.02,0.01,0.02,0.02,0.02
